entity_id,state,last_changed
sensor.kostal_kwh,1.292,2026-07-10T07:00:00.000Z
sensor.kostal_kwh,1.3,2026-07-10T07:00:31.722Z
sensor.kostal_kwh,1.283,2026-07-10T07:01:32.056Z
sensor.kostal_kwh,1.278,2026-07-10T07:02:32.428Z
sensor.kostal_kwh,1.274,2026-07-10T07:03:32.745Z
sensor.kostal_kwh,1.2630000000000001,2026-07-10T07:04:33.131Z
sensor.kostal_kwh,1.2550000000000001,2026-07-10T07:05:33.431Z
sensor.kostal_kwh,1.244,2026-07-10T07:06:34.059Z
sensor.kostal_kwh,1.234,2026-07-10T07:07:34.384Z
sensor.kostal_kwh,1.226,2026-07-10T07:08:34.699Z
sensor.kostal_kwh,1.217,2026-07-10T07:09:35.102Z
sensor.kostal_kwh,1.218,2026-07-10T07:11:35.805Z
sensor.kostal_kwh,1.196,2026-07-10T07:12:36.115Z
sensor.kostal_kwh,1.229,2026-07-10T07:13:36.433Z
sensor.kostal_kwh,1.196,2026-07-10T07:14:36.822Z
sensor.kostal_kwh,1.254,2026-07-10T07:15:37.152Z
sensor.kostal_kwh,2.12,2026-07-10T07:16:37.454Z
sensor.kostal_kwh,2.726,2026-07-10T07:17:37.866Z
sensor.kostal_kwh,2.749,2026-07-10T07:18:38.182Z
sensor.kostal_kwh,2.761,2026-07-10T07:19:38.556Z
sensor.kostal_kwh,2.767,2026-07-10T07:20:38.866Z
sensor.kostal_kwh,2.775,2026-07-10T07:21:39.185Z
sensor.kostal_kwh,2.7760000000000002,2026-07-10T07:22:39.573Z
sensor.kostal_kwh,2.779,2026-07-10T07:23:39.891Z
sensor.kostal_kwh,2.7840000000000003,2026-07-10T07:24:40.210Z
sensor.kostal_kwh,2.783,2026-07-10T07:25:40.593Z
sensor.kostal_kwh,2.79,2026-07-10T07:26:40.901Z
sensor.kostal_kwh,2.793,2026-07-10T07:27:41.281Z
sensor.kostal_kwh,2.801,2026-07-10T07:29:41.906Z
sensor.kostal_kwh,2.813,2026-07-10T07:30:42.300Z
sensor.kostal_kwh,2.816,2026-07-10T07:31:42.636Z
sensor.kostal_kwh,2.821,2026-07-10T07:32:42.940Z
sensor.kostal_kwh,2.825,2026-07-10T07:33:43.311Z
sensor.kostal_kwh,2.833,2026-07-10T07:34:43.616Z
sensor.kostal_kwh,2.834,2026-07-10T07:35:43.990Z
sensor.kostal_kwh,2.836,2026-07-10T07:36:49.317Z
sensor.kostal_kwh,2.841,2026-07-10T07:38:50.016Z
sensor.kostal_kwh,2.842,2026-07-10T07:39:50.329Z
sensor.kostal_kwh,2.847,2026-07-10T07:41:50.976Z
sensor.kostal_kwh,2.853,2026-07-10T07:42:51.279Z
sensor.kostal_kwh,2.847,2026-07-10T07:43:51.682Z
sensor.kostal_kwh,2.85,2026-07-10T07:44:51.988Z
sensor.kostal_kwh,2.856,2026-07-10T07:45:52.307Z
sensor.kostal_kwh,2.858,2026-07-10T07:46:52.693Z
sensor.kostal_kwh,2.863,2026-07-10T07:47:53.009Z
sensor.kostal_kwh,2.864,2026-07-10T07:48:53.317Z
sensor.kostal_kwh,2.865,2026-07-10T07:50:54.015Z
sensor.kostal_kwh,2.859,2026-07-10T07:51:54.423Z
sensor.kostal_kwh,2.864,2026-07-10T07:52:54.760Z
sensor.kostal_kwh,2.869,2026-07-10T07:54:55.437Z
sensor.kostal_kwh,2.873,2026-07-10T07:55:55.754Z
sensor.kostal_kwh,2.88,2026-07-10T07:56:56.061Z
sensor.kostal_kwh,2.884,2026-07-10T07:57:56.415Z
sensor.kostal_kwh,2.8850000000000002,2026-07-10T07:58:56.734Z
sensor.kostal_kwh,2.8890000000000002,2026-07-10T08:01:02.462Z
sensor.kostal_kwh,2.888,2026-07-10T08:02:02.782Z
sensor.kostal_kwh,2.8890000000000002,2026-07-10T08:03:03.184Z
sensor.kostal_kwh,2.898,2026-07-10T08:04:03.495Z
sensor.kostal_kwh,2.902,2026-07-10T08:05:03.878Z
sensor.kostal_kwh,2.899,2026-07-10T08:06:04.190Z
sensor.kostal_kwh,2.902,2026-07-10T08:07:04.508Z
sensor.kostal_kwh,2.912,2026-07-10T08:08:04.896Z
sensor.kostal_kwh,2.924,2026-07-10T08:09:05.209Z
sensor.kostal_kwh,2.926,2026-07-10T08:10:05.528Z
sensor.kostal_kwh,2.928,2026-07-10T08:11:05.935Z
sensor.kostal_kwh,2.934,2026-07-10T08:12:06.256Z
sensor.kostal_kwh,2.9370000000000003,2026-07-10T08:13:06.641Z
sensor.kostal_kwh,2.936,2026-07-10T08:16:12.667Z
sensor.kostal_kwh,2.944,2026-07-10T08:17:12.980Z
sensor.kostal_kwh,2.9410000000000003,2026-07-10T08:18:13.339Z
sensor.kostal_kwh,2.938,2026-07-10T08:19:13.654Z
sensor.kostal_kwh,2.944,2026-07-10T08:20:13.980Z
sensor.kostal_kwh,2.947,2026-07-10T08:21:14.378Z
sensor.kostal_kwh,2.943,2026-07-10T08:22:14.715Z
sensor.kostal_kwh,2.95,2026-07-10T08:23:20.025Z
sensor.kostal_kwh,2.952,2026-07-10T08:24:20.433Z
sensor.kostal_kwh,2.957,2026-07-10T08:25:20.741Z
sensor.kostal_kwh,2.954,2026-07-10T08:26:21.106Z
sensor.kostal_kwh,2.952,2026-07-10T08:27:21.409Z
sensor.kostal_kwh,2.948,2026-07-10T08:28:21.709Z
sensor.kostal_kwh,2.94,2026-07-10T08:29:22.080Z
sensor.kostal_kwh,2.938,2026-07-10T08:30:22.388Z
sensor.kostal_kwh,2.944,2026-07-10T08:31:22.708Z
sensor.kostal_kwh,2.936,2026-07-10T08:35:24.078Z
sensor.kostal_kwh,2.942,2026-07-10T08:36:24.387Z
sensor.kostal_kwh,2.948,2026-07-10T08:37:24.773Z
sensor.kostal_kwh,2.955,2026-07-10T08:38:25.088Z
sensor.kostal_kwh,2.954,2026-07-10T08:39:25.404Z
sensor.kostal_kwh,2.949,2026-07-10T08:40:25.819Z
sensor.kostal_kwh,2.946,2026-07-10T08:41:26.131Z
sensor.kostal_kwh,2.943,2026-07-10T08:42:26.448Z
sensor.kostal_kwh,2.9410000000000003,2026-07-10T08:43:31.801Z
sensor.kostal_kwh,2.9330000000000003,2026-07-10T08:45:32.494Z
sensor.kostal_kwh,2.938,2026-07-10T08:46:32.807Z
sensor.kostal_kwh,2.943,2026-07-10T08:47:33.148Z
sensor.kostal_kwh,2.938,2026-07-10T08:48:33.486Z
sensor.kostal_kwh,2.943,2026-07-10T08:49:33.796Z
sensor.kostal_kwh,2.942,2026-07-10T08:50:34.101Z
sensor.kostal_kwh,2.9370000000000003,2026-07-10T08:51:34.502Z
sensor.kostal_kwh,2.932,2026-07-10T08:52:34.826Z
sensor.kostal_kwh,2.927,2026-07-10T08:53:35.201Z
sensor.kostal_kwh,2.9250000000000003,2026-07-10T08:54:35.514Z
sensor.kostal_kwh,2.92,2026-07-10T08:55:35.834Z
sensor.kostal_kwh,2.9250000000000003,2026-07-10T08:56:36.217Z
sensor.kostal_kwh,2.922,2026-07-10T08:57:36.521Z
sensor.kostal_kwh,2.923,2026-07-10T08:58:36.831Z
sensor.kostal_kwh,2.9290000000000003,2026-07-10T08:59:37.234Z
sensor.kostal_kwh,2.926,2026-07-10T09:00:47.567Z
sensor.kostal_kwh,2.93,2026-07-10T09:02:48.271Z
sensor.kostal_kwh,2.931,2026-07-10T09:03:48.583Z
sensor.kostal_kwh,2.932,2026-07-10T09:04:48.997Z
sensor.kostal_kwh,2.928,2026-07-10T09:05:49.313Z
sensor.kostal_kwh,2.926,2026-07-10T09:07:55.015Z
sensor.kostal_kwh,2.922,2026-07-10T09:08:55.329Z
sensor.kostal_kwh,2.914,2026-07-10T09:10:00.714Z
sensor.kostal_kwh,2.918,2026-07-10T09:11:01.013Z
sensor.kostal_kwh,2.91,2026-07-10T09:12:01.312Z
sensor.kostal_kwh,2.902,2026-07-10T09:13:01.680Z
sensor.kostal_kwh,2.915,2026-07-10T09:15:02.301Z
sensor.kostal_kwh,2.9050000000000002,2026-07-10T09:16:02.627Z
sensor.kostal_kwh,2.902,2026-07-10T09:17:02.952Z
sensor.kostal_kwh,2.892,2026-07-10T09:19:03.675Z
sensor.kostal_kwh,2.896,2026-07-10T09:20:03.996Z
sensor.kostal_kwh,2.8930000000000002,2026-07-10T09:21:04.377Z
sensor.kostal_kwh,2.892,2026-07-10T09:22:04.692Z
sensor.kostal_kwh,2.888,2026-07-10T09:23:05.007Z
sensor.kostal_kwh,2.8890000000000002,2026-07-10T09:24:05.334Z
sensor.kostal_kwh,2.876,2026-07-10T09:26:06.059Z
sensor.kostal_kwh,2.874,2026-07-10T09:27:06.366Z
sensor.kostal_kwh,2.871,2026-07-10T09:29:07.050Z
sensor.kostal_kwh,2.92,2026-07-10T09:30:07.369Z
sensor.kostal_kwh,2.924,2026-07-10T09:31:07.703Z
sensor.kostal_kwh,2.926,2026-07-10T09:32:13.070Z
sensor.kostal_kwh,2.924,2026-07-10T09:33:13.379Z
sensor.kostal_kwh,2.918,2026-07-10T09:34:13.757Z
sensor.kostal_kwh,2.9170000000000003,2026-07-10T09:35:14.074Z
sensor.kostal_kwh,2.91,2026-07-10T09:36:14.390Z
sensor.kostal_kwh,2.906,2026-07-10T09:37:19.805Z
sensor.kostal_kwh,2.9010000000000002,2026-07-10T09:38:20.123Z
sensor.kostal_kwh,2.904,2026-07-10T09:39:20.473Z
sensor.kostal_kwh,2.895,2026-07-10T09:40:20.787Z
sensor.kostal_kwh,2.894,2026-07-10T09:41:21.093Z
sensor.kostal_kwh,2.8930000000000002,2026-07-10T09:42:21.459Z
sensor.kostal_kwh,2.884,2026-07-10T09:43:21.768Z
sensor.kostal_kwh,2.874,2026-07-10T09:45:22.507Z
sensor.kostal_kwh,2.8770000000000002,2026-07-10T09:46:22.782Z
sensor.kostal_kwh,2.869,2026-07-10T09:47:23.076Z
sensor.kostal_kwh,2.87,2026-07-10T09:48:23.478Z
sensor.kostal_kwh,2.867,2026-07-10T09:49:23.790Z
sensor.kostal_kwh,2.864,2026-07-10T09:50:24.173Z
sensor.kostal_kwh,2.86,2026-07-10T09:51:24.516Z
sensor.kostal_kwh,2.859,2026-07-10T09:52:24.815Z
sensor.kostal_kwh,2.938,2026-07-10T09:53:25.203Z
sensor.kostal_kwh,3.211,2026-07-10T09:54:25.521Z
sensor.kostal_kwh,3.232,2026-07-10T09:55:25.845Z
sensor.kostal_kwh,3.225,2026-07-10T09:56:26.230Z
sensor.kostal_kwh,3.226,2026-07-10T09:58:26.925Z
sensor.kostal_kwh,3.232,2026-07-10T10:00:27.538Z
sensor.kostal_kwh,3.228,2026-07-10T10:01:27.932Z
sensor.kostal_kwh,3.224,2026-07-10T10:02:28.272Z
sensor.kostal_kwh,3.229,2026-07-10T10:03:28.691Z
sensor.kostal_kwh,3.222,2026-07-10T10:04:29.010Z
sensor.kostal_kwh,3.23,2026-07-10T10:05:29.322Z
sensor.kostal_kwh,3.232,2026-07-10T10:06:29.709Z
sensor.kostal_kwh,3.235,2026-07-10T10:07:30.032Z
sensor.kostal_kwh,3.23,2026-07-10T10:08:30.351Z
sensor.kostal_kwh,3.242,2026-07-10T10:09:30.732Z
sensor.kostal_kwh,3.233,2026-07-10T10:11:31.453Z
sensor.kostal_kwh,3.238,2026-07-10T10:12:31.772Z
sensor.kostal_kwh,3.245,2026-07-10T10:13:32.088Z
sensor.kostal_kwh,3.243,2026-07-10T10:14:32.473Z
sensor.kostal_kwh,3.24,2026-07-10T10:15:32.791Z
sensor.kostal_kwh,3.241,2026-07-10T10:16:33.108Z
sensor.kostal_kwh,3.243,2026-07-10T10:17:33.434Z
sensor.kostal_kwh,3.242,2026-07-10T10:18:33.745Z
sensor.kostal_kwh,3.247,2026-07-10T10:19:34.154Z
sensor.kostal_kwh,3.248,2026-07-10T10:20:34.465Z
sensor.kostal_kwh,3.244,2026-07-10T10:22:35.168Z
sensor.kostal_kwh,3.242,2026-07-10T10:23:35.479Z
sensor.kostal_kwh,3.237,2026-07-10T10:24:40.793Z
sensor.kostal_kwh,3.236,2026-07-10T10:25:44.215Z
sensor.kostal_kwh,3.242,2026-07-10T10:26:44.526Z
sensor.kostal_kwh,3.232,2026-07-10T10:27:44.905Z
sensor.kostal_kwh,3.234,2026-07-10T10:28:45.221Z
sensor.kostal_kwh,3.23,2026-07-10T10:29:45.534Z
sensor.kostal_kwh,3.229,2026-07-10T10:30:45.948Z
sensor.kostal_kwh,3.224,2026-07-10T10:32:46.638Z
sensor.kostal_kwh,3.22,2026-07-10T10:33:46.948Z
sensor.kostal_kwh,3.219,2026-07-10T10:34:47.256Z
sensor.kostal_kwh,3.212,2026-07-10T10:35:47.640Z
sensor.kostal_kwh,3.216,2026-07-10T10:36:47.957Z
sensor.kostal_kwh,3.212,2026-07-10T10:37:48.274Z
sensor.kostal_kwh,3.211,2026-07-10T10:38:48.685Z
sensor.kostal_kwh,3.213,2026-07-10T10:40:49.369Z
sensor.kostal_kwh,3.209,2026-07-10T10:41:49.682Z
sensor.kostal_kwh,3.245,2026-07-10T10:42:50.001Z
sensor.kostal_kwh,3.254,2026-07-10T10:43:50.376Z
sensor.kostal_kwh,3.25,2026-07-10T10:44:50.683Z
sensor.kostal_kwh,3.2520000000000002,2026-07-10T10:45:50.983Z
sensor.kostal_kwh,3.2920000000000003,2026-07-10T10:46:51.375Z
sensor.kostal_kwh,3.317,2026-07-10T10:47:51.677Z
sensor.kostal_kwh,3.3160000000000003,2026-07-10T10:48:52.054Z
sensor.kostal_kwh,3.315,2026-07-10T10:49:52.361Z
sensor.kostal_kwh,3.3160000000000003,2026-07-10T10:52:53.376Z
sensor.kostal_kwh,3.33,2026-07-10T10:53:53.669Z
sensor.kostal_kwh,3.361,2026-07-10T10:54:54.069Z
sensor.kostal_kwh,3.373,2026-07-10T10:55:54.380Z
sensor.kostal_kwh,3.37,2026-07-10T10:56:54.767Z
sensor.kostal_kwh,3.36,2026-07-10T10:57:55.083Z
sensor.kostal_kwh,3.364,2026-07-10T10:58:55.402Z
sensor.kostal_kwh,3.36,2026-07-10T10:59:55.791Z
sensor.kostal_kwh,3.354,2026-07-10T11:00:56.112Z
sensor.kostal_kwh,3.356,2026-07-10T11:01:56.432Z
sensor.kostal_kwh,3.363,2026-07-10T11:02:56.844Z
sensor.kostal_kwh,3.362,2026-07-10T11:03:57.161Z
sensor.kostal_kwh,3.358,2026-07-10T11:04:57.533Z
sensor.kostal_kwh,3.352,2026-07-10T11:05:57.853Z
sensor.kostal_kwh,3.35,2026-07-10T11:06:58.169Z
sensor.kostal_kwh,3.351,2026-07-10T11:07:58.576Z
sensor.kostal_kwh,3.348,2026-07-10T11:08:58.852Z
sensor.kostal_kwh,3.349,2026-07-10T11:09:59.163Z
sensor.kostal_kwh,3.345,2026-07-10T11:10:59.576Z
sensor.kostal_kwh,3.336,2026-07-10T11:11:59.896Z
sensor.kostal_kwh,3.334,2026-07-10T11:13:00.278Z
sensor.kostal_kwh,3.3240000000000003,2026-07-10T11:14:00.572Z
sensor.kostal_kwh,3.321,2026-07-10T11:15:00.897Z
sensor.kostal_kwh,3.3120000000000003,2026-07-10T11:17:01.568Z
sensor.kostal_kwh,3.309,2026-07-10T11:18:01.872Z
sensor.kostal_kwh,3.301,2026-07-10T11:19:02.289Z
sensor.kostal_kwh,3.293,2026-07-10T11:21:08.017Z
sensor.kostal_kwh,3.2840000000000003,2026-07-10T11:22:08.330Z
sensor.kostal_kwh,3.291,2026-07-10T11:23:08.637Z
sensor.kostal_kwh,3.2800000000000002,2026-07-10T11:24:09.016Z
sensor.kostal_kwh,3.279,2026-07-10T11:25:09.328Z
sensor.kostal_kwh,3.2760000000000002,2026-07-10T11:26:09.644Z
sensor.kostal_kwh,3.259,2026-07-10T11:27:09.975Z
sensor.kostal_kwh,3.254,2026-07-10T11:28:10.331Z
sensor.kostal_kwh,3.261,2026-07-10T11:29:10.688Z
sensor.kostal_kwh,3.259,2026-07-10T11:30:11.003Z
sensor.kostal_kwh,3.254,2026-07-10T11:31:11.308Z
sensor.kostal_kwh,3.257,2026-07-10T11:32:11.689Z
sensor.kostal_kwh,3.253,2026-07-10T11:33:12.004Z
sensor.kostal_kwh,3.245,2026-07-10T11:34:12.316Z
sensor.kostal_kwh,3.2520000000000002,2026-07-10T11:35:12.687Z
sensor.kostal_kwh,3.245,2026-07-10T11:36:13.001Z
sensor.kostal_kwh,3.23,2026-07-10T11:37:13.403Z
sensor.kostal_kwh,3.227,2026-07-10T11:38:18.724Z
sensor.kostal_kwh,3.214,2026-07-10T11:39:19.038Z
sensor.kostal_kwh,3.215,2026-07-10T11:40:19.447Z
sensor.kostal_kwh,3.205,2026-07-10T11:41:19.760Z
sensor.kostal_kwh,3.203,2026-07-10T11:42:20.113Z
sensor.kostal_kwh,3.1950000000000003,2026-07-10T11:43:20.435Z
sensor.kostal_kwh,3.202,2026-07-10T11:44:20.747Z
sensor.kostal_kwh,3.201,2026-07-10T11:45:21.121Z
sensor.kostal_kwh,3.186,2026-07-10T11:46:21.437Z
sensor.kostal_kwh,3.1790000000000003,2026-07-10T11:47:21.753Z
sensor.kostal_kwh,3.174,2026-07-10T11:48:27.145Z
sensor.kostal_kwh,3.173,2026-07-10T11:49:32.478Z
sensor.kostal_kwh,3.166,2026-07-10T11:50:32.845Z
sensor.kostal_kwh,3.1470000000000002,2026-07-10T11:51:33.521Z
sensor.kostal_kwh,3.148,2026-07-10T11:52:33.449Z
sensor.kostal_kwh,3.136,2026-07-10T11:54:34.155Z
sensor.kostal_kwh,3.13,2026-07-10T11:55:34.472Z
sensor.kostal_kwh,3.121,2026-07-10T11:56:39.865Z
sensor.kostal_kwh,3.114,2026-07-10T11:57:40.179Z
sensor.kostal_kwh,3.1,2026-07-10T11:59:40.876Z
sensor.kostal_kwh,3.107,2026-07-10T12:00:41.195Z
sensor.kostal_kwh,3.099,2026-07-10T12:02:41.894Z
sensor.kostal_kwh,3.096,2026-07-10T12:03:42.211Z
sensor.kostal_kwh,3.082,2026-07-10T12:04:42.617Z
sensor.kostal_kwh,3.079,2026-07-10T12:05:42.939Z
sensor.kostal_kwh,3.069,2026-07-10T12:06:43.312Z
sensor.kostal_kwh,3.059,2026-07-10T12:07:48.627Z
sensor.kostal_kwh,3.0500000000000003,2026-07-10T12:09:49.321Z
sensor.kostal_kwh,3.049,2026-07-10T12:10:49.637Z
sensor.kostal_kwh,3.0460000000000003,2026-07-10T12:11:49.951Z
sensor.kostal_kwh,3.04,2026-07-10T12:12:50.327Z
sensor.kostal_kwh,3.029,2026-07-10T12:13:50.634Z
sensor.kostal_kwh,3.015,2026-07-10T12:14:51.043Z
sensor.kostal_kwh,3.0100000000000002,2026-07-10T12:15:51.355Z
sensor.kostal_kwh,2.997,2026-07-10T12:16:51.660Z
sensor.kostal_kwh,2.981,2026-07-10T12:17:52.045Z
sensor.kostal_kwh,2.98,2026-07-10T12:18:52.360Z
sensor.kostal_kwh,2.967,2026-07-10T12:19:52.669Z
sensor.kostal_kwh,2.97,2026-07-10T12:20:53.050Z
sensor.kostal_kwh,2.967,2026-07-10T12:21:53.361Z
sensor.kostal_kwh,2.962,2026-07-10T12:22:53.760Z
sensor.kostal_kwh,2.953,2026-07-10T12:23:54.071Z
sensor.kostal_kwh,2.944,2026-07-10T12:24:54.380Z
sensor.kostal_kwh,2.9370000000000003,2026-07-10T12:25:54.750Z
sensor.kostal_kwh,2.9330000000000003,2026-07-10T12:27:00.280Z
sensor.kostal_kwh,2.919,2026-07-10T12:28:00.748Z
sensor.kostal_kwh,2.9130000000000003,2026-07-10T12:29:00.958Z
sensor.kostal_kwh,2.912,2026-07-10T12:30:01.254Z
sensor.kostal_kwh,2.904,2026-07-10T12:31:01.632Z
sensor.kostal_kwh,2.89,2026-07-10T12:32:01.933Z
sensor.kostal_kwh,2.891,2026-07-10T12:33:02.249Z
sensor.kostal_kwh,2.8810000000000002,2026-07-10T12:34:02.632Z
sensor.kostal_kwh,2.848,2026-07-10T12:35:02.984Z
sensor.kostal_kwh,2.858,2026-07-10T12:36:03.336Z
sensor.kostal_kwh,2.852,2026-07-10T12:37:03.648Z
sensor.kostal_kwh,2.846,2026-07-10T12:38:03.950Z
sensor.kostal_kwh,2.84,2026-07-10T12:39:04.326Z
sensor.kostal_kwh,2.83,2026-07-10T12:40:04.630Z
sensor.kostal_kwh,2.823,2026-07-10T12:41:11.254Z
sensor.kostal_kwh,2.818,2026-07-10T12:42:10.311Z
sensor.kostal_kwh,2.8040000000000003,2026-07-10T12:43:10.625Z
sensor.kostal_kwh,2.793,2026-07-10T12:44:11.033Z
sensor.kostal_kwh,2.775,2026-07-10T12:45:11.349Z
sensor.kostal_kwh,2.7760000000000002,2026-07-10T12:46:11.668Z
sensor.kostal_kwh,2.7600000000000002,2026-07-10T12:47:17.057Z
sensor.kostal_kwh,2.7520000000000002,2026-07-10T12:48:17.371Z
sensor.kostal_kwh,2.737,2026-07-10T12:49:17.681Z
sensor.kostal_kwh,2.746,2026-07-10T12:50:18.028Z
sensor.kostal_kwh,2.733,2026-07-10T12:51:18.343Z
sensor.kostal_kwh,2.71,2026-07-10T12:52:18.717Z
sensor.kostal_kwh,2.711,2026-07-10T12:53:19.027Z
sensor.kostal_kwh,2.703,2026-07-10T12:54:19.341Z
sensor.kostal_kwh,2.69,2026-07-10T12:55:19.768Z
sensor.kostal_kwh,2.685,2026-07-10T12:56:25.090Z
sensor.kostal_kwh,2.677,2026-07-10T12:57:25.404Z
sensor.kostal_kwh,2.672,2026-07-10T12:58:25.764Z
sensor.kostal_kwh,2.648,2026-07-10T12:59:26.083Z
sensor.kostal_kwh,2.646,2026-07-10T13:00:26.463Z
sensor.kostal_kwh,2.634,2026-07-10T13:01:26.780Z
sensor.kostal_kwh,2.624,2026-07-10T13:02:27.099Z
sensor.kostal_kwh,2.618,2026-07-10T13:03:32.488Z
sensor.kostal_kwh,2.601,2026-07-10T13:04:32.800Z
sensor.kostal_kwh,2.599,2026-07-10T13:05:33.115Z
sensor.kostal_kwh,2.588,2026-07-10T13:06:33.435Z
sensor.kostal_kwh,2.575,2026-07-10T13:07:33.745Z
sensor.kostal_kwh,2.559,2026-07-10T13:08:34.157Z
sensor.kostal_kwh,2.548,2026-07-10T13:09:39.494Z
sensor.kostal_kwh,2.532,2026-07-10T13:10:39.799Z
sensor.kostal_kwh,2.5220000000000002,2026-07-10T13:11:41.237Z
sensor.kostal_kwh,2.511,2026-07-10T13:12:41.546Z
sensor.kostal_kwh,2.509,2026-07-10T13:13:41.935Z
sensor.kostal_kwh,2.505,2026-07-10T13:14:47.251Z
sensor.kostal_kwh,2.498,2026-07-10T13:15:47.565Z
sensor.kostal_kwh,2.481,2026-07-10T13:16:47.946Z
sensor.kostal_kwh,2.48,2026-07-10T13:17:48.314Z
sensor.kostal_kwh,2.467,2026-07-10T13:18:48.576Z
sensor.kostal_kwh,2.445,2026-07-10T13:19:48.979Z
sensor.kostal_kwh,2.442,2026-07-10T13:20:49.290Z
sensor.kostal_kwh,2.4290000000000003,2026-07-10T13:21:49.671Z
sensor.kostal_kwh,2.416,2026-07-10T13:22:49.994Z
sensor.kostal_kwh,2.404,2026-07-10T13:23:50.305Z
sensor.kostal_kwh,2.392,2026-07-10T13:24:50.690Z
sensor.kostal_kwh,2.38,2026-07-10T13:25:51.009Z
sensor.kostal_kwh,2.371,2026-07-10T13:26:52.553Z
sensor.kostal_kwh,2.362,2026-07-10T13:27:51.718Z
sensor.kostal_kwh,2.354,2026-07-10T13:28:52.043Z
sensor.kostal_kwh,2.34,2026-07-10T13:29:52.425Z
sensor.kostal_kwh,2.333,2026-07-10T13:30:52.731Z
sensor.kostal_kwh,2.322,2026-07-10T13:31:53.491Z
sensor.kostal_kwh,2.309,2026-07-10T13:32:53.398Z
sensor.kostal_kwh,2.301,2026-07-10T13:33:53.755Z
sensor.kostal_kwh,2.283,2026-07-10T13:34:59.040Z
sensor.kostal_kwh,2.275,2026-07-10T13:35:59.402Z
sensor.kostal_kwh,2.261,2026-07-10T13:36:59.718Z
sensor.kostal_kwh,2.25,2026-07-10T13:38:00.136Z
sensor.kostal_kwh,2.24,2026-07-10T13:39:00.440Z
sensor.kostal_kwh,2.226,2026-07-10T13:40:00.738Z
sensor.kostal_kwh,2.202,2026-07-10T13:41:01.116Z
sensor.kostal_kwh,2.198,2026-07-10T13:42:01.416Z
sensor.kostal_kwh,2.19,2026-07-10T13:43:01.727Z
sensor.kostal_kwh,2.1710000000000003,2026-07-10T13:44:02.104Z
sensor.kostal_kwh,2.1670000000000003,2026-07-10T13:45:02.419Z
sensor.kostal_kwh,2.1550000000000002,2026-07-10T13:46:02.823Z
sensor.kostal_kwh,2.1390000000000002,2026-07-10T13:47:03.141Z
sensor.kostal_kwh,2.122,2026-07-10T13:48:03.444Z
sensor.kostal_kwh,2.115,2026-07-10T13:49:03.824Z
sensor.kostal_kwh,2.104,2026-07-10T13:50:04.791Z
sensor.kostal_kwh,2.092,2026-07-10T13:51:10.125Z
sensor.kostal_kwh,2.077,2026-07-10T13:52:10.442Z
sensor.kostal_kwh,2.076,2026-07-10T13:53:10.781Z
sensor.kostal_kwh,2.069,2026-07-10T13:54:11.102Z
sensor.kostal_kwh,2.059,2026-07-10T13:55:12.987Z
sensor.kostal_kwh,2.048,2026-07-10T13:56:11.822Z
sensor.kostal_kwh,2.035,2026-07-10T13:57:12.421Z
sensor.kostal_kwh,2.0180000000000002,2026-07-10T13:58:12.740Z
sensor.kostal_kwh,2.007,2026-07-10T13:59:14.783Z
sensor.kostal_kwh,1.999,2026-07-10T14:00:13.442Z
sensor.kostal_kwh,1.987,2026-07-10T14:01:13.760Z
sensor.kostal_kwh,1.972,2026-07-10T14:02:14.068Z
sensor.kostal_kwh,1.968,2026-07-10T14:03:14.456Z
sensor.kostal_kwh,1.948,2026-07-10T14:04:14.765Z
sensor.kostal_kwh,1.937,2026-07-10T14:05:15.169Z
sensor.kostal_kwh,1.932,2026-07-10T14:06:15.464Z
sensor.kostal_kwh,1.924,2026-07-10T14:07:15.778Z
sensor.kostal_kwh,1.9180000000000001,2026-07-10T14:08:16.164Z
sensor.kostal_kwh,1.905,2026-07-10T14:09:16.484Z
sensor.kostal_kwh,1.8940000000000001,2026-07-10T14:10:16.800Z
sensor.kostal_kwh,1.8820000000000001,2026-07-10T14:12:17.498Z
sensor.kostal_kwh,1.858,2026-07-10T14:13:17.882Z
sensor.kostal_kwh,1.85,2026-07-10T14:14:18.197Z
sensor.kostal_kwh,1.842,2026-07-10T14:15:23.511Z
sensor.kostal_kwh,1.831,2026-07-10T14:16:23.885Z
sensor.kostal_kwh,1.818,2026-07-10T14:17:24.193Z
sensor.kostal_kwh,1.804,2026-07-10T14:18:24.511Z
sensor.kostal_kwh,1.806,2026-07-10T14:19:24.861Z
sensor.kostal_kwh,1.7870000000000001,2026-07-10T14:20:25.179Z
sensor.kostal_kwh,1.7850000000000001,2026-07-10T14:21:25.585Z
sensor.kostal_kwh,1.774,2026-07-10T14:22:25.903Z
sensor.kostal_kwh,1.754,2026-07-10T14:23:26.219Z
sensor.kostal_kwh,1.748,2026-07-10T14:24:26.607Z
sensor.kostal_kwh,1.741,2026-07-10T14:25:26.921Z
sensor.kostal_kwh,1.73,2026-07-10T14:26:27.245Z
sensor.kostal_kwh,1.723,2026-07-10T14:27:27.572Z
sensor.kostal_kwh,1.713,2026-07-10T14:28:27.887Z
sensor.kostal_kwh,1.701,2026-07-10T14:29:28.299Z
sensor.kostal_kwh,1.692,2026-07-10T14:30:28.656Z
sensor.kostal_kwh,1.683,2026-07-10T14:31:28.973Z
sensor.kostal_kwh,1.675,2026-07-10T14:32:29.351Z
sensor.kostal_kwh,1.667,2026-07-10T14:33:29.662Z
sensor.kostal_kwh,1.663,2026-07-10T14:34:30.049Z
sensor.kostal_kwh,1.657,2026-07-10T14:35:30.368Z
sensor.kostal_kwh,1.643,2026-07-10T14:36:30.676Z
sensor.kostal_kwh,1.641,2026-07-10T14:37:31.091Z
sensor.kostal_kwh,1.6340000000000001,2026-07-10T14:38:31.406Z
sensor.kostal_kwh,1.623,2026-07-10T14:39:31.719Z
sensor.kostal_kwh,1.622,2026-07-10T14:40:32.111Z
sensor.kostal_kwh,1.62,2026-07-10T14:41:32.425Z
sensor.kostal_kwh,1.611,2026-07-10T14:42:32.813Z
sensor.kostal_kwh,1.608,2026-07-10T14:43:33.129Z
sensor.kostal_kwh,1.605,2026-07-10T14:44:33.433Z
sensor.kostal_kwh,1.595,2026-07-10T14:45:33.837Z
sensor.kostal_kwh,1.596,2026-07-10T14:46:34.158Z
sensor.kostal_kwh,1.595,2026-07-10T14:47:34.477Z
sensor.kostal_kwh,1.583,2026-07-10T14:48:34.820Z
sensor.kostal_kwh,1.575,2026-07-10T14:51:35.822Z
sensor.kostal_kwh,1.568,2026-07-10T14:52:36.139Z
sensor.kostal_kwh,1.569,2026-07-10T14:53:36.549Z
sensor.kostal_kwh,1.564,2026-07-10T14:54:36.865Z
sensor.kostal_kwh,1.56,2026-07-10T14:55:37.182Z
sensor.kostal_kwh,1.563,2026-07-10T14:56:37.538Z
sensor.kostal_kwh,1.557,2026-07-10T14:57:42.859Z
sensor.kostal_kwh,1.545,2026-07-10T14:58:43.269Z
sensor.kostal_kwh,1.548,2026-07-10T14:59:43.579Z
sensor.kostal_kwh,1.544,2026-07-10T15:00:43.875Z
sensor.kostal_kwh,1.542,2026-07-10T15:01:44.246Z
sensor.kostal_kwh,1.538,2026-07-10T15:02:44.551Z
sensor.kostal_kwh,1.5310000000000001,2026-07-10T15:05:45.572Z
sensor.kostal_kwh,1.534,2026-07-10T15:06:50.994Z
sensor.kostal_kwh,1.539,2026-07-10T15:07:51.308Z
sensor.kostal_kwh,1.538,2026-07-10T15:08:51.616Z
sensor.kostal_kwh,1.5290000000000001,2026-07-10T15:09:52.015Z
sensor.kostal_kwh,1.5330000000000001,2026-07-10T15:10:57.328Z
sensor.kostal_kwh,1.534,2026-07-10T15:12:02.750Z
sensor.kostal_kwh,1.537,2026-07-10T15:13:03.073Z
sensor.kostal_kwh,1.5250000000000001,2026-07-10T15:14:03.389Z
sensor.kostal_kwh,1.5270000000000001,2026-07-10T15:15:03.760Z
sensor.kostal_kwh,1.522,2026-07-10T15:16:04.081Z
sensor.kostal_kwh,1.524,2026-07-10T15:18:04.766Z
sensor.kostal_kwh,1.5270000000000001,2026-07-10T15:19:05.073Z
sensor.kostal_kwh,1.5290000000000001,2026-07-10T15:20:05.473Z
sensor.kostal_kwh,1.5250000000000001,2026-07-10T15:21:05.783Z
sensor.kostal_kwh,1.518,2026-07-10T15:22:06.111Z
sensor.kostal_kwh,1.528,2026-07-10T15:23:06.481Z
sensor.kostal_kwh,1.5250000000000001,2026-07-10T15:24:06.786Z
sensor.kostal_kwh,1.524,2026-07-10T15:25:07.095Z
sensor.kostal_kwh,1.5170000000000001,2026-07-10T15:26:07.474Z
sensor.kostal_kwh,1.5130000000000001,2026-07-10T15:27:07.789Z
sensor.kostal_kwh,1.5150000000000001,2026-07-10T15:28:08.205Z
sensor.kostal_kwh,1.512,2026-07-10T15:29:08.522Z
sensor.kostal_kwh,1.502,2026-07-10T15:30:08.829Z
sensor.kostal_kwh,1.5110000000000001,2026-07-10T15:31:09.214Z
sensor.kostal_kwh,1.499,2026-07-10T15:33:09.846Z
sensor.kostal_kwh,1.5050000000000001,2026-07-10T15:34:10.209Z
sensor.kostal_kwh,1.499,2026-07-10T15:35:10.521Z
sensor.kostal_kwh,1.492,2026-07-10T15:36:10.925Z
sensor.kostal_kwh,1.496,2026-07-10T15:37:11.237Z
sensor.kostal_kwh,1.494,2026-07-10T15:38:11.554Z
sensor.kostal_kwh,1.488,2026-07-10T15:39:11.937Z
sensor.kostal_kwh,1.489,2026-07-10T15:40:12.486Z
sensor.kostal_kwh,1.495,2026-07-10T15:41:12.862Z
sensor.kostal_kwh,1.49,2026-07-10T15:42:13.183Z
sensor.kostal_kwh,1.486,2026-07-10T15:43:18.492Z
sensor.kostal_kwh,1.489,2026-07-10T15:44:18.839Z
sensor.kostal_kwh,1.49,2026-07-10T15:45:19.149Z
sensor.kostal_kwh,1.487,2026-07-10T15:46:19.568Z
sensor.kostal_kwh,1.484,2026-07-10T15:47:19.872Z
sensor.kostal_kwh,1.478,2026-07-10T15:48:20.191Z
sensor.kostal_kwh,1.477,2026-07-10T15:49:20.577Z
sensor.kostal_kwh,1.472,2026-07-10T15:50:20.881Z
sensor.kostal_kwh,1.47,2026-07-10T15:51:21.192Z
sensor.kostal_kwh,1.462,2026-07-10T15:52:21.555Z
sensor.kostal_kwh,1.459,2026-07-10T15:53:21.873Z
sensor.kostal_kwh,1.462,2026-07-10T15:54:22.294Z
sensor.kostal_kwh,1.455,2026-07-10T15:55:22.602Z
sensor.kostal_kwh,1.451,2026-07-10T15:56:22.913Z
sensor.kostal_kwh,1.454,2026-07-10T15:57:24.487Z
sensor.kostal_kwh,1.448,2026-07-10T15:58:23.606Z
sensor.kostal_kwh,1.442,2026-07-10T15:59:23.902Z
sensor.kostal_kwh,1.441,2026-07-10T16:00:24.266Z
sensor.kostal_kwh,1.434,2026-07-10T16:01:24.569Z
sensor.kostal_kwh,1.432,2026-07-10T16:02:25.514Z
sensor.kostal_kwh,1.43,2026-07-10T16:03:25.261Z
sensor.kostal_kwh,1.423,2026-07-10T16:04:25.577Z
sensor.kostal_kwh,1.422,2026-07-10T16:05:25.937Z
sensor.kostal_kwh,1.423,2026-07-10T16:06:26.256Z
sensor.kostal_kwh,1.413,2026-07-10T16:07:26.633Z
sensor.kostal_kwh,1.416,2026-07-10T16:08:26.959Z
sensor.kostal_kwh,1.411,2026-07-10T16:09:27.279Z
sensor.kostal_kwh,1.4000000000000001,2026-07-10T16:10:27.691Z
sensor.kostal_kwh,1.4040000000000001,2026-07-10T16:11:28.002Z
sensor.kostal_kwh,1.401,2026-07-10T16:12:28.341Z
sensor.kostal_kwh,1.3900000000000001,2026-07-10T16:13:28.721Z
sensor.kostal_kwh,1.3860000000000001,2026-07-10T16:14:29.036Z
sensor.kostal_kwh,1.383,2026-07-10T16:15:29.348Z
sensor.kostal_kwh,1.379,2026-07-10T16:16:29.698Z
sensor.kostal_kwh,1.369,2026-07-10T16:17:30.016Z
sensor.kostal_kwh,1.366,2026-07-10T16:18:30.432Z
sensor.kostal_kwh,1.361,2026-07-10T16:19:30.739Z
sensor.kostal_kwh,1.356,2026-07-10T16:20:31.044Z
sensor.kostal_kwh,1.349,2026-07-10T16:22:31.731Z
sensor.kostal_kwh,1.337,2026-07-10T16:23:32.052Z
sensor.kostal_kwh,1.345,2026-07-10T16:24:32.662Z
sensor.kostal_kwh,1.338,2026-07-10T16:25:32.975Z
sensor.kostal_kwh,1.33,2026-07-10T16:26:33.367Z
sensor.kostal_kwh,1.248,2026-07-10T16:27:33.676Z
sensor.kostal_kwh,1.108,2026-07-10T16:28:34.055Z
sensor.kostal_kwh,0.9530000000000001,2026-07-10T16:29:34.369Z
sensor.kostal_kwh,0.793,2026-07-10T16:30:34.683Z
sensor.kostal_kwh,0.635,2026-07-10T16:31:35.066Z
sensor.kostal_kwh,0.462,2026-07-10T16:32:35.378Z
sensor.kostal_kwh,0.293,2026-07-10T16:33:40.700Z
sensor.kostal_kwh,0.255,2026-07-10T16:34:41.047Z
sensor.kostal_kwh,0.176,2026-07-10T16:35:41.364Z
sensor.kostal_kwh,0.246,2026-07-10T16:36:41.770Z
sensor.kostal_kwh,0.211,2026-07-10T16:37:47.089Z
sensor.kostal_kwh,0.182,2026-07-10T16:38:47.398Z
sensor.kostal_kwh,0.17300000000000001,2026-07-10T16:39:47.807Z
sensor.kostal_kwh,0.17400000000000002,2026-07-10T16:40:48.127Z
sensor.kostal_kwh,0.17500000000000002,2026-07-10T16:41:48.466Z
sensor.kostal_kwh,0.162,2026-07-10T16:42:48.778Z
sensor.kostal_kwh,0.161,2026-07-10T16:43:49.126Z
sensor.kostal_kwh,0.162,2026-07-10T16:44:49.474Z
sensor.kostal_kwh,0.2,2026-07-10T16:45:49.789Z
sensor.kostal_kwh,0.278,2026-07-10T16:46:50.113Z
sensor.kostal_kwh,0.291,2026-07-10T16:47:50.528Z
sensor.kostal_kwh,0.289,2026-07-10T16:48:50.835Z
sensor.kostal_kwh,0.2,2026-07-10T16:49:51.187Z
sensor.kostal_kwh,0.162,2026-07-10T16:50:51.501Z
sensor.kostal_kwh,0.164,2026-07-10T16:51:51.809Z
sensor.kostal_kwh,0.182,2026-07-10T16:52:52.196Z
sensor.kostal_kwh,0.179,2026-07-10T16:53:52.512Z
sensor.kostal_kwh,0.163,2026-07-10T16:54:52.828Z
sensor.kostal_kwh,0.153,2026-07-10T16:55:58.262Z
sensor.kostal_kwh,0.145,2026-07-10T16:56:58.575Z
sensor.kostal_kwh,0.14300000000000002,2026-07-10T16:57:58.980Z
sensor.kostal_kwh,0.14200000000000002,2026-07-10T16:59:59.611Z
sensor.kostal_kwh,0.14100000000000001,2026-07-10T17:03:00.605Z
sensor.kostal_kwh,0.137,2026-07-10T17:05:01.284Z
sensor.kostal_kwh,0.132,2026-07-10T17:06:01.693Z
sensor.kostal_kwh,0.137,2026-07-10T17:07:02.005Z
sensor.kostal_kwh,0.138,2026-07-10T17:08:02.334Z
sensor.kostal_kwh,0.137,2026-07-10T17:09:02.682Z
sensor.kostal_kwh,0.135,2026-07-10T17:11:03.316Z
sensor.kostal_kwh,0.131,2026-07-10T17:12:03.692Z
sensor.kostal_kwh,0.138,2026-07-10T17:13:04.011Z
sensor.kostal_kwh,0.139,2026-07-10T17:15:09.719Z
sensor.kostal_kwh,0.129,2026-07-10T17:17:10.446Z
sensor.kostal_kwh,0.14,2026-07-10T17:18:10.754Z
sensor.kostal_kwh,0.14200000000000002,2026-07-10T17:19:11.057Z
sensor.kostal_kwh,0.14300000000000002,2026-07-10T17:21:18.118Z
sensor.kostal_kwh,0.14400000000000002,2026-07-10T17:22:17.139Z
sensor.kostal_kwh,0.14300000000000002,2026-07-10T17:23:17.453Z
sensor.kostal_kwh,0.146,2026-07-10T17:24:17.764Z
sensor.kostal_kwh,0.14400000000000002,2026-07-10T17:25:18.139Z
sensor.kostal_kwh,0.15,2026-07-10T17:26:18.445Z
sensor.kostal_kwh,0.148,2026-07-10T17:27:18.754Z
sensor.kostal_kwh,0.152,2026-07-10T17:28:19.168Z
sensor.kostal_kwh,0.154,2026-07-10T17:29:19.489Z
sensor.kostal_kwh,0.155,2026-07-10T17:30:19.867Z
sensor.kostal_kwh,0.156,2026-07-10T17:31:20.184Z
sensor.kostal_kwh,0.158,2026-07-10T17:32:20.497Z
sensor.kostal_kwh,0.159,2026-07-10T17:33:20.864Z
sensor.kostal_kwh,0.16,2026-07-10T17:34:21.190Z
sensor.kostal_kwh,0.161,2026-07-10T17:35:21.502Z
sensor.kostal_kwh,0.163,2026-07-10T17:37:22.206Z
sensor.kostal_kwh,0.162,2026-07-10T17:38:22.581Z
sensor.kostal_kwh,0.163,2026-07-10T17:39:22.894Z
sensor.kostal_kwh,0.164,2026-07-10T17:40:23.203Z
sensor.kostal_kwh,0.163,2026-07-10T17:43:24.221Z
sensor.kostal_kwh,0.158,2026-07-10T17:45:24.877Z
sensor.kostal_kwh,0.16,2026-07-10T17:46:25.248Z
sensor.kostal_kwh,0.159,2026-07-10T17:47:30.568Z
sensor.kostal_kwh,0.155,2026-07-10T17:48:30.880Z
sensor.kostal_kwh,0.154,2026-07-10T17:49:31.266Z
sensor.kostal_kwh,0.152,2026-07-10T17:50:31.581Z
sensor.kostal_kwh,0.15,2026-07-10T17:51:31.897Z
sensor.kostal_kwh,0.149,2026-07-10T17:52:32.288Z
sensor.kostal_kwh,0.148,2026-07-10T17:53:37.630Z
sensor.kostal_kwh,0.14300000000000002,2026-07-10T17:54:37.998Z
sensor.kostal_kwh,0.14200000000000002,2026-07-10T17:55:38.307Z
sensor.kostal_kwh,0.14,2026-07-10T17:56:38.625Z
sensor.kostal_kwh,0.139,2026-07-10T17:57:39.033Z
sensor.kostal_kwh,0.138,2026-07-10T17:58:44.352Z
